{
  "id": "/subscriptions/c84d426f-3351-4e82-b238-fcc5a1648290/resourceGroups/summit-agility_group-abf0/providers/Microsoft.Resources/deployments/Microsoft.Web-StaticApp-Portal-68735691-bf36",
  "name": "Microsoft.Web-StaticApp-Portal-68735691-bf36",
  "type": "Microsoft.Resources/deployments",
  "properties": {
    "templateHash": "2615270505276594104",
    "parameters": {
      "name": {
        "type": "String",
        "value": "summit-agility"
      },
      "location": {
        "type": "String",
        "value": "westus2"
      },
      "sku": {
        "type": "String",
        "value": "Free"
      },
      "skucode": {
        "type": "String",
        "value": "Free"
      },
      "repositoryUrl": {
        "type": "String",
        "value": "https://github.com/mlytle3/SA_Assets"
      },
      "branch": {
        "type": "String",
        "value": "main"
      },
      "repositoryToken": {
        "type": "SecureString"
      },
      "appLocation": {
        "type": "String",
        "value": "/"
      },
      "apiLocation": {
        "type": "String",
        "value": ""
      },
      "appArtifactLocation": {
        "type": "String",
        "value": "."
      },
      "enterpriseGradeCdnStatus": {
        "type": "String",
        "value": "disabled"
      }
    },
    "mode": "Incremental",
    "debugSetting": {
      "detailLevel": "None"
    },
    "provisioningState": "Succeeded",
    "timestamp": "2025-08-29T03:03:41.5047772Z",
    "duration": "PT5.1064109S",
    "correlationId": "fad66ae7-6da9-4993-9aaf-5c04367113cb",
    "providers": [
      {
        "namespace": "Microsoft.Web",
        "resourceTypes": [
          {
            "resourceType": "staticSites",
            "locations": [
              "westus2"
            ]
          }
        ]
      }
    ],
    "dependencies": [],
    "outputResources": [
      {
        "id": "/subscriptions/c84d426f-3351-4e82-b238-fcc5a1648290/resourceGroups/summit-agility_group-abf0/providers/Microsoft.Web/staticSites/summit-agility"
      }
    ],
    "validationLevel": "Template"
  },
  "tags": {
    "primaryResourceId": "/subscriptions/c84d426f-3351-4e82-b238-fcc5a1648290/resourcegroups/summit-agility_group-abf0/providers/Microsoft.Web/staticSites/summit-agility",
    "marketplaceItemId": "Microsoft.StaticApp"
  }
}