[
  {
    "id": "/subscriptions/c84d426f-3351-4e82-b238-fcc5a1648290/resourceGroups/summit-agility_group-abf0/providers/Microsoft.Resources/deployments/Microsoft.Web-StaticApp-Portal-68735691-bf36/operations/DB9216A045F981BB",
    "operationId": "DB9216A045F981BB",
    "properties": {
      "provisioningOperation": "Create",
      "provisioningState": "Succeeded",
      "timestamp": "2025-08-29T03:03:37.5417134Z",
      "duration": "PT3.8381067S",
      "trackingId": "bcce6bdd-2094-44b8-b299-3eb329a5cb60",
      "statusCode": "OK",
      "targetResource": {
        "id": "/subscriptions/c84d426f-3351-4e82-b238-fcc5a1648290/resourceGroups/summit-agility_group-abf0/providers/Microsoft.Web/staticSites/summit-agility",
        "resourceType": "Microsoft.Web/staticSites",
        "resourceName": "summit-agility"
      }
    }
  },
  {
    "id": "/subscriptions/c84d426f-3351-4e82-b238-fcc5a1648290/resourceGroups/summit-agility_group-abf0/providers/Microsoft.Resources/deployments/Microsoft.Web-StaticApp-Portal-68735691-bf36/operations/08584451702690736136",
    "operationId": "08584451702690736136",
    "properties": {
      "provisioningOperation": "EvaluateDeploymentOutput",
      "provisioningState": "Succeeded",
      "timestamp": "2025-08-29T03:03:37.5417134Z",
      "duration": "PT3.9318143S",
      "trackingId": "e9632296-0dc1-4b4a-956b-3175163622b9",
      "statusCode": "OK"
    }
  }
]